<?xml version="1.0" encoding="UTF-8" standalone="yes"?>
<addon id="plugin.program.SpinzTV" name="[B][COLOR deepskyblue]SpinzTV Wizard[/B][/COLOR]" version="1.2.3" provider-name="Spez">
  <requires>
	<import addon="script.module.beautifulsoup" version="3.2.1"/>
	<import addon="script.module.beautifulsoup4" />
    <import addon="xbmc.python" version="2.19.0"/>
	<import addon="script.module.beautifulsoup4" />
	<import addon="script.module.urlresolver"  version="2.1.2"/>
    <import addon="script.module.requests"/>
	<import addon="script.module.addon.common" />
	<import addon="script.module.simplejson" version="3.3.0"/>
    <import addon="script.module.buggalo" version="1.1.2"/>
  </requires>
  <extension point="xbmc.python.pluginsource" library="default.py">
    <provides>executable</provides>
  </extension>
  <extension point="xbmc.service" library="startup.py" start="startup" />
  <extension point="xbmc.addon.metadata">
    <summary lang="en">SpinzTV Wizard</summary>
    <description lang="en">Home Of The Spinz-TV Builds and Much More</description>
    <disclaimer lang="en">The author neither hosts or stores any content, the author has no affiliation with content hosts</disclaimer>
    <platform>all</platform>
  </extension>
</addon>
