<?xml version="1.0" encoding="UTF-8" standalone="yes"?>
<addon id="plugin.program.SpinzTV" name="[B][COLOR deepskyblue]SpinzTV Wizard[/B][/COLOR]" version="1.2.6" provider-name="Spez">
  <requires>
    <import addon="xbmc.python" version="2.1.0"/>
  </requires>
  <extension point="xbmc.python.pluginsource" library="default.py">
    <provides>executable</provides>
  </extension>
  <extension point="xbmc.service" library="startup.py" start="startup" />
  <extension point="xbmc.addon.metadata">
    <summary lang="en">SpinzTV Wizard</summary>
    <description lang="en">Spinz-TV Wizard</description>
    <disclaimer lang="en">The author neither hosts or stores any content, the author has no affiliation with content hosts</disclaimer>
    <platform>all</platform>
  </extension>
</addon>
