<?xml version="1.0" encoding="UTF-8"?>
    <addon id="repository.SpinzTV" name="SpinzTV" version="0.1.1" provider-name="SpinzTV">
        <requires>
            <import addon="xbmc.addon" version="12.0.0"/>
        </requires>
        <extension point="xbmc.addon.repository" name="SpinzTV">
            <info compressed="false">http://raw.github.com/spinztv/pro/master//_repo/addons.xml</info>
            <checksum>http://raw.github.com/spinztv/pro/master//_repo/addons.xml.md5</checksum>
            <datadir zip="true">http://raw.github.com/spinztv/pro/master//_repo/</datadir>
            <hashes>false</hashes>
        </extension>
        <extension point="xbmc.addon.metadata">
            <summary>SpinzTV</summary>
            <description>SpinzTV</description>
            <platform>all</platform>
    </extension>
</addon>