<?xml version="1.0" encoding="UTF-8" standalone="yes"?>
<addon id="plugin.program.SpinzTV" name="[B][COLOR deepskyblue]SpinzTV[/B][/COLOR]" version="1.0.6" provider-name="SpinzTV">
  <requires>
    <import addon="xbmc.python" version="2.1.0"/>
  </requires>
  <extension point="xbmc.python.pluginsource" library="default.py">
    <provides>executable</provides>
  </extension>
  <extension point="xbmc.service" library="startup.py" start="startup" />
  <extension point="xbmc.addon.metadata">
    <summary lang="en">SpinzTV</summary>
    <description lang="en">SpinzTV Wizard</description>
    <platform>all</platform>
  </extension>
</addon>